<?xml version="1.0"?>
<homeAppliances xmlns="http://www.homeAppliances.org"
         xmlns:a="http://www.appliances.org"
         xmlns:j="http://www.juicers.org"
         xmlns:xsi="http://www.w3.org/2001/XMLSchema-instance"
         xsi:schemaLocation="http://www.homeAppliances.org
                             homeAppliances.xsd
                             http://www.juicers.org
                             juicers.xsd">
      <juicer id="mighty-oj" electric="false" type="press">
          <a:description>There&apos;s just no substitute for a properly squeezed orange in the morning. So delicate and refreshing. The finest hotels use mechanical juicers of this type for their most discriminating guests. This is the largest selling juicer of its kind. It&apos;s a beautiful little all-metal piece in baked enamel and polished chrome; it even won the Frankfurt Fair Award for its design. Uses no electricity and produces no non-recyclable waste as do frozen juices.</a:description>
          <j:guarantee>lifetime warranty</j:guarantee>
          <j:name>OJ Home Juicer</j:name>
          <j:image>images\mighty_oj.gif</j:image>
          <j:cost currency="USD">41.95</j:cost>
          <j:retailers hrefs="http://www.thewhitewhale.com/oj.htm http://www.example.com"/>
      </juicer>
      <stereo>
          <a:description>My stereo</a:description>
          <brand>Sony</brand>
          <type>Hi-fi</type>
      </stereo>
</homeAppliances>
