<?xml version="1.0"?>
<bk:BookStore xmlns:bk="http://www.books.org"
              xmlns:xsi="http://www.w3.org/2001/XMLSchema-instance"
              xsi:schemaLocation=
                         "http://www.books.org
                          BookStore.xsd">
        <Publication>
                <Title>Staying Young Forever</Title>
                <Author>Karin Granstrom Jordan, M.D.</Author>
                <Date>1999</Date>
        </Publication>
        <Publication xsi:type="bk:BookType">
                <Title>Illusions The Adventures of a Reluctant Messiah</Title>
                <Author>Richard Bach</Author>
                <Date>1977</Date>
                <ISBN>0-440-34319-4</ISBN>
                <Publisher>Dell Publishing Co.</Publisher>
        </Publication>
        <Publication xsi:type="bk:BookType">
                <Title>The First and Last Freedom</Title>
                <Author>J. Krishnamurti</Author>
                <Date>1954</Date>
                <ISBN>0-06-064831-7</ISBN>
                <Publisher>Harper &amp; Row</Publisher>
        </Publication>
</bk:BookStore>
