{"Aportes": [
	{"enlace":"#!impresion3d",
	 "imgSrc":"_imagenes/01.png",
	 "titulo":"Coastal <br> Defender <br> Stormtrooper <br> Helmet",
	 "fecha":""},

	{"enlace":"",
	 "imgSrc":"_imagenes/prot02.jpg",
	 "titulo":"En obras",
	 "fecha":""},

	{"enlace":"",
	 "imgSrc":"_imagenes/prot03.jpg",
	 "titulo":"En obras",
	 "fecha":""},

	{"enlace":"",
	 "imgSrc":"_imagenes/prot04.jpeg",
	 "titulo":"En obras",
	 "fecha":""},

	{"enlace":"",
	 "imgSrc":"_imagenes/prot05.jpg",
	 "titulo":"En obras",
	 "fecha":""}
]}