<?xml version="1.0"?>
<Library xmlns="http://www.library.org"
         xmlns:xsi="http://www.w3.org/2001/XMLSchema-instance"
         xsi:schemaLocation=
                   "http://www.library.org
                    Library.xsd">
    <Books>
        <Book>
                <Title>Illusions The Adventures of a Reluctant Messiah</Title>
                <Author>Richard Bach</Author>
                <Date>1977</Date>
                <ISBN>0-440-34319-4</ISBN>
                <Publisher>Dell Publishing Co.</Publisher>
                <Summary>
                        "There was a Master come unto the earth, born in
                         the holy land of Indiana, raised in the mystical
                         hills east of Fort Wayne."  (Need I say more?)
                </Summary>
        </Book>
        <Book>
                <Title>The First and Last Freedom</Title>
                <Author>J. Krishnamurti</Author>
                <Date>1954</Date>
                <ISBN>0-06-064831-7</ISBN>
                <Publisher>Harper &amp; Row</Publisher>
                <Summary>
                        "To communicate with another, even if we know
                         each other very well, is extremely difficult.
                         I may use words that may have to a significance
                         different from mine..."
                </Summary>
        </Book>
    </Books>    
    <Employees>
        <Employee>
            <Name>John Doe</Name>
            <SSN>123-45-6789</SSN>
        </Employee>
        <Employee>
            <Name>Sally Smith</Name>
            <SSN>000-11-2345</SSN>
        </Employee>
    </Employees>    
</Library>
