<?xml version="1.0"?>
<?xml-stylesheet type="text/xsl" href="Book.xsl"?>
<Book xmlns="http://www.book.org"
      xmlns:xsi="http://www.w3.org/2001/XMLSchema-instance"
      xsi:schemaLocation=
                     "http://www.book.org
                      Book.xsd">

      <Title>Illusions The Adventures of a Reluctant Messiah</Title>
      <Author>Richard Bach</Author>
      <Date>1977</Date>
      <ISBN>0-440-34319-4</ISBN>
      <Publisher>Dell Publishing Co.</Publisher>
</Book>
