<?xml version="1.0"?>
<LotteryDrawings xmlns="http://www.lottery.org"
                 xmlns:xsi="http://www.w3.org/2001/XMLSchema-instance"
                 xsi:schemaLocation=
                              "http://www.lottery.org
                               Lottery.xsd">
        <Drawing>
                <Week>July 1</Week>
                <Numbers>21 3 67 8 90 12</Numbers>
        </Drawing>
        <Drawing>
                <Week>July 8</Week>
                <Numbers>55 31 4 57 98 22</Numbers>
        </Drawing>
        <Drawing>
                <Week>July 15</Week>
                <Numbers>70 77 19 35 44 11</Numbers>
        </Drawing>
</LotteryDrawings>
