<?xml version="1.0"?>
<BookStore xmlns="http://www.books.org"
           xmlns:xml="http://www.w3.org/XML/1998/namespace"
           xmlns:xsi="http://www.w3.org/2001/XMLSchema-instance"
           xsi:schemaLocation=
                          "http://www.books.org
                           BookStore.xsd
                           http://www.w3.org/XML/1998/namespace
                           xml.xsd">
                           <!--http://www.w3.org/2001/xml.xsd"-->
        <Book xml:lang="EN">
                <Title>My Life and Times</Title>
                <Author>Paul McCartney</Author>
                <Date>1998</Date>
                <ISBN>1-56592-235-2</ISBN>
                <Publisher>McMillin Publishing</Publisher>
        </Book>
        <Book xml:lang="EN">
                <Title>Illusions The Adventures of a Reluctant Messiah</Title>
                <Author>Richard Bach</Author>
                <Date>1977</Date>
                <ISBN>0-440-34319-4</ISBN>
                <Publisher>Dell Publishing Co.</Publisher>
        </Book>
        <Book xml:lang="EN">
                <Title>The First and Last Freedom</Title>
                <Author>J. Krishnamurti</Author>
                <Date>1954</Date>
                <ISBN>0-06-064831-7</ISBN>
                <Publisher>Harper &amp; Row</Publisher>
        </Book>
</BookStore>
